Group,List,Item,Sentence,Image,Condition,Link
1,1,1,The apple is cored.,apple cored xx.png,TA,https://uclpsych.eu.qualtrics.com/ControlPanel/Graphic.php?IM=IM_1FIwYR7oVqjBMlE
1,1,2,The banana isn't peeled.,applepeeled false xx.png,FN,https://uclpsych.eu.qualtrics.com/ControlPanel/Graphic.php?IM=IM_3elhEpUnODT1gOy
1,1,3,The apricots aren't dried.,apricots fresh xx.png,TN,https://uclpsych.eu.qualtrics.com/ControlPanel/Graphic.php?IM=IM_37oSgPy6geHj76u
1,1,4,The balloon is blown up.,balloonnotblowup 1xx true.png,FA,https://uclpsych.eu.qualtrics.com/ControlPanel/Graphic.php?IM=IM_ai7jV9DPOr7Q2eG
1,1,5,The beer glass is empty.,beerglass full xx.png,FA,https://uclpsych.eu.qualtrics.com/ControlPanel/Graphic.php?IM=IM_42h3dlulnWREhfg
1,1,6,The bike isn't folded.,bike open xx.png,TN,https://uclpsych.eu.qualtrics.com/ControlPanel/Graphic.php?IM=IM_4O6XNLqw5Sdp1iu
1,1,7,The blackboard isn't clean.,blackboard clean xx.png,FN,https://uclpsych.eu.qualtrics.com/ControlPanel/Graphic.php?IM=IM_87FdH2brUntAcey
1,1,8,The boots are clean.,bootsdirty false xx.png,TA,https://uclpsych.eu.qualtrics.com/ControlPanel/Graphic.php?IM=IM_4UBudiySyYj6k74
1,1,9,The bread is sliced.,breadnotsliced xx1 false.png,TA,https://uclpsych.eu.qualtrics.com/ControlPanel/Graphic.php?IM=IM_efgKkjQjwZBG6t8
1,1,10,The British flag isn't still.,Britishflag still xx.png,FN,https://uclpsych.eu.qualtrics.com/ControlPanel/Graphic.php?IM=IM_9sn81qK8XJMegS2
1,1,11,The cabinet isn't closed.,cabinetnotclosed true xx.png,TN,https://uclpsych.eu.qualtrics.com/ControlPanel/Graphic.php?IM=IM_cTSVE7GNitGE3Ge
1,1,12,The candle is lit.,candlenotlit 1xx true.png,FA,https://uclpsych.eu.qualtrics.com/ControlPanel/Graphic.php?IM=IM_cSC6w4MczLGF9Qi
1,1,13,The cardboard box is open.,cardboardboxnotopen true xx.png,FA,https://uclpsych.eu.qualtrics.com/ControlPanel/Graphic.php?IM=IM_cwloNPeKXJxtZIy
1,1,14,The carrots aren't diced.,carrots whole xx.png,TN,https://uclpsych.eu.qualtrics.com/ControlPanel/Graphic.php?IM=IM_2m04KooCPDHZGE6
1,1,15,The CD isn't scratched.,cdnotscratched false xx.png,FN,https://uclpsych.eu.qualtrics.com/ControlPanel/Graphic.php?IM=IM_6marPwbyANwJAx0
1,1,16,The chair is folded.,chairnotfolded xx1 false.png,TA,https://uclpsych.eu.qualtrics.com/ControlPanel/Graphic.php?IM=IM_5dno8QogrnQSBFk
1,1,17,The chicken is cooked.,chicken cooked xx.png,TA,https://uclpsych.eu.qualtrics.com/ControlPanel/Graphic.php?IM=IM_6ri0pCMSIawFZaK
1,1,18,The chocolate cake isn't sliced.,chocolatecakesliced 1xx true.png,FN,https://uclpsych.eu.qualtrics.com/ControlPanel/Graphic.php?IM=IM_b4vSNl3dJXS51CS
1,1,19,The coke can isn't squashed.,cokecan new xx.png,TN,https://uclpsych.eu.qualtrics.com/ControlPanel/Graphic.php?IM=IM_7ZGt4ha48X3Bxsi
1,1,20,The cricket bat is broken.,cricketbatbroken false xx.png,FA,https://uclpsych.eu.qualtrics.com/ControlPanel/Graphic.php?IM=IM_7V9CIHjrALm3cge
1,1,21,The cupcake is iced.,cupcake plain xx.png,FA,https://uclpsych.eu.qualtrics.com/ControlPanel/Graphic.php?IM=IM_3Rfp7wrBQy6H5zM
1,1,22,The cup isn't full.,cupfull false xx.png,TN,https://uclpsych.eu.qualtrics.com/ControlPanel/Graphic.php?IM=IM_6lrxMWPMWcrlC9U
1,1,23,The desk isn't messy.,desk messy xx.png,FN,https://uclpsych.eu.qualtrics.com/ControlPanel/Graphic.php?IM=IM_6R3bJRQI9uSISDY
1,1,24,The dictionary is closed.,dictionaryclosed 1xx true.png,TA,https://uclpsych.eu.qualtrics.com/ControlPanel/Graphic.php?IM=IM_eyfL4YwNKShBfj8
1,1,25,The dishes are clean.,dishes washed xx.png,TA,https://uclpsych.eu.qualtrics.com/ControlPanel/Graphic.php?IM=IM_b44ru0hgHkpK1Yq
1,1,26,The egg isn't cracked.,eggnotcracked 1xx false.png,FN,https://uclpsych.eu.qualtrics.com/ControlPanel/Graphic.php?IM=IM_7UmqfDEkza8VJxs
1,1,27,The envelop isn't sealed.,envelopnotsealed 1xx true.png,TN,https://uclpsych.eu.qualtrics.com/ControlPanel/Graphic.php?IM=IM_2u92rygeejGqaRo
1,1,28,The fireplace is lit.,fireplacenotlit true xx.png,FA,https://uclpsych.eu.qualtrics.com/ControlPanel/Graphic.php?IM=IM_0jNaJR0ueghujl4
1,1,29,The football is blown up.,footballnotblowup true xx.png,FA,https://uclpsych.eu.qualtrics.com/ControlPanel/Graphic.php?IM=IM_7Qk3dmHw0E92k0S
1,1,30,The frying pan isn't full.,fryingpanempty true xx.png,TN,https://uclpsych.eu.qualtrics.com/ControlPanel/Graphic.php?IM=IM_3t37gVwLmkXIOa2
1,1,31,The garlic isn't chopped.,garlic chopped xx.png,FN,https://uclpsych.eu.qualtrics.com/ControlPanel/Graphic.php?IM=IM_5gS0LyrIUkf3fmu
1,1,32,The glass is empty.,glassnotempty false xx.png,TA,https://uclpsych.eu.qualtrics.com/ControlPanel/Graphic.php?IM=IM_6FsHGzbIuKA3fN4
1,1,33,The glove is dry.,glove dry xx.png,TA,https://uclpsych.eu.qualtrics.com/ControlPanel/Graphic.php?IM=IM_ehTcyOgISmGtcdU
1,1,34,The helicopter isn't airborne.,helicopter airborne xx.png,FN,https://uclpsych.eu.qualtrics.com/ControlPanel/Graphic.php?IM=IM_cFHeYQ2f3ddrw7Y
1,1,35,The ice cream isn't melted.,icecreamnotmelted true xx.png,TN,https://uclpsych.eu.qualtrics.com/ControlPanel/Graphic.php?IM=IM_78aG9Nt0WhdNMrk
1,1,36,The jar is sealed.,jar open xx.png,FA,https://uclpsych.eu.qualtrics.com/ControlPanel/Graphic.php?IM=IM_6ndjbDZy9IVySsC
1,1,37,The jeans are crumpled.,jeansnotcrumpled true xx.png,FA,https://uclpsych.eu.qualtrics.com/ControlPanel/Graphic.php?IM=IM_0oo3fhNEebrAIHY
1,1,38,The laptop isn't plugged in.,laptop notplugged xx.png,TN,https://uclpsych.eu.qualtrics.com/ControlPanel/Graphic.php?IM=IM_aa4bShasoyQ14Jo
1,1,39,The lorry isn't dirty.,lorryclean false xx.png,FN,https://uclpsych.eu.qualtrics.com/ControlPanel/Graphic.php?IM=IM_3aycqgIp49yYAjY
1,1,40,The map is closed.,map closed xx.png,TA,https://uclpsych.eu.qualtrics.com/ControlPanel/Graphic.php?IM=IM_a5mST6bUqaUuBQa
1,1,41,The oil painting is framed.,oilpaintingframed x1x true.png,TA,https://uclpsych.eu.qualtrics.com/ControlPanel/Graphic.php?IM=IM_eA46TMCuSusJPts
1,1,42,The orange isn't peeled.,orangenotpeeled xx1 false.png,FN,https://uclpsych.eu.qualtrics.com/ControlPanel/Graphic.php?IM=IM_ba2u7kszHqSiyMe
1,1,43,The paper isn't torn.,paper fine xx.png,TN,https://uclpsych.eu.qualtrics.com/ControlPanel/Graphic.php?IM=IM_3xDRq1mOymJ6rpI
1,1,44,The pineapple is sliced.,pineapplenotsliced xx1 true.png,FA,https://uclpsych.eu.qualtrics.com/ControlPanel/Graphic.php?IM=IM_3UUAAIRRTTIt1fE
1,1,45,The plant is alive.,plant dead xx.png,FA,https://uclpsych.eu.qualtrics.com/ControlPanel/Graphic.php?IM=IM_8GqfYpUKISg8QxU
1,1,46,The plate isn't shattered.,plate fine xx.png,TN,https://uclpsych.eu.qualtrics.com/ControlPanel/Graphic.php?IM=IM_9yQgzWHEFljkCtU
1,1,47,The rucksack isn't open.,rucksack open xx.png,FN,https://uclpsych.eu.qualtrics.com/ControlPanel/Graphic.php?IM=IM_3IvWmHXW5zPGtQW
1,1,48,The saucepan is empty.,saucepanempty 1xx true.png,TA,https://uclpsych.eu.qualtrics.com/ControlPanel/Graphic.php?IM=IM_5jULSrczBywqg0m
1,1,49,The scarf is folded.,scarfnotfolded xx1 false.png,TA,https://uclpsych.eu.qualtrics.com/ControlPanel/Graphic.php?IM=IM_0ImzfC2ALyC3Dj8
1,1,50,The shirt isn't ironed.,shirtnotcrumpled x1x true.png,FN,https://uclpsych.eu.qualtrics.com/ControlPanel/Graphic.php?IM=IM_3qliQtlgkRZMAjI
1,1,51,The small pool isn't inflated.,smallpoolnotinflated true xx.png,TN,https://uclpsych.eu.qualtrics.com/ControlPanel/Graphic.php?IM=IM_d6kjLadttyTNIou
1,1,52,The spaghetti is raw.,spaghettinotcooked x1x false.png,FA,https://uclpsych.eu.qualtrics.com/ControlPanel/Graphic.php?IM=IM_ezmHvKpsN7BPGWW
1,1,53,The tennis racket is broken.,tennisracketbroken x1x false.png,FA,https://uclpsych.eu.qualtrics.com/ControlPanel/Graphic.php?IM=IM_6mc0M6DmktH3un4
1,1,54,The tent isn't put up.,tentnotputup true xx.png,TN,https://uclpsych.eu.qualtrics.com/ControlPanel/Graphic.php?IM=IM_a5iLpBAZkNnIVb8
1,1,55,The tie isn't tied.,tienottied false xx.png,FN,https://uclpsych.eu.qualtrics.com/ControlPanel/Graphic.php?IM=IM_4VeYELNLnsjoSx0
1,1,56,The tomato is skinned.,tomato skinned xx.png,TA,https://uclpsych.eu.qualtrics.com/ControlPanel/Graphic.php?IM=IM_41QDDQDlFTuM2Im
1,1,57,The T-shirt is clean.,tshirt clean xx.png,TA,https://uclpsych.eu.qualtrics.com/ControlPanel/Graphic.php?IM=IM_4YjynuR2NonMoei
1,1,58,The TV isn't on.,TV on xx.png,FN,https://uclpsych.eu.qualtrics.com/ControlPanel/Graphic.php?IM=IM_ekvAUlMXKlSFsFM
1,1,59,The tyre isn't deflated.,tyrenotinflated x1x false.png,TN,https://uclpsych.eu.qualtrics.com/ControlPanel/Graphic.php?IM=IM_2osgFTB3tQUFbi6
1,1,60,The umbrella is open.,umbrellanotopen 1xx true.png,FA,https://uclpsych.eu.qualtrics.com/ControlPanel/Graphic.php?IM=IM_6A5mjkRaJMOoFnM
1,1,61,The wall is painted.,wall notpainted xx.png,FA,https://uclpsych.eu.qualtrics.com/ControlPanel/Graphic.php?IM=IM_8wy93EUERTZ8pMi
1,1,62,The window isn't shut.,windownotsut x1x true.png,TN,https://uclpsych.eu.qualtrics.com/ControlPanel/Graphic.php?IM=IM_5iMGNC1Xg8F88xo
1,1,63,The wine glass isn't cracked.,wineglasscracked xx.png,FN,https://uclpsych.eu.qualtrics.com/ControlPanel/Graphic.php?IM=IM_elZCjOng0XtnPDg
1,1,64,The Christmas tree is decorated.,xmastree decorated xx.png,TA,https://uclpsych.eu.qualtrics.com/ControlPanel/Graphic.php?IM=IM_2htuyuxMChyQ7JA
2,2,1,The apple is cored.,apple notcored xx.png,FA,https://uclpsych.eu.qualtrics.com/ControlPanel/Graphic.php?IM=IM_1Ghv6z8kUHUUaiy
2,2,2,The banana isn't peeled.,applepeeled true xx.png,TN,https://uclpsych.eu.qualtrics.com/ControlPanel/Graphic.php?IM=IM_cAzmtC7ZBX4bydg
2,2,3,The apricots aren't dried.,apricots dry xx.png,FN,https://uclpsych.eu.qualtrics.com/ControlPanel/Graphic.php?IM=IM_1QSGaJd40ZkaJBc
2,2,4,The balloon is blown up.,balloonnotblowup 1xx false.png,TA,https://uclpsych.eu.qualtrics.com/ControlPanel/Graphic.php?IM=IM_55w4iHmyEq5PEc6
2,2,5,The beer glass is empty.,beerglass empty xx.png,TA,https://uclpsych.eu.qualtrics.com/ControlPanel/Graphic.php?IM=IM_9MnZ3LWJsbV8UE6
2,2,6,The bike isn't folded.,bike folded xx.png,FN,https://uclpsych.eu.qualtrics.com/ControlPanel/Graphic.php?IM=IM_8dDC9VGTCUVRVSC
2,2,7,The blackboard isn't clean.,blackboard written xx.png,TN,https://uclpsych.eu.qualtrics.com/ControlPanel/Graphic.php?IM=IM_cCLzt5gWIL9M8Mm
2,2,8,The boots are clean.,bootsdirty true xx.png,FA,https://uclpsych.eu.qualtrics.com/ControlPanel/Graphic.php?IM=IM_d0tk6PkJwDCahcG
2,2,9,The bread is sliced.,breadnotsliced xx1 true.png,FA,https://uclpsych.eu.qualtrics.com/ControlPanel/Graphic.php?IM=IM_54hwle9BVFWeG6q
2,2,10,The British flag isn't still.,britishflagnotfluttering false xx.png,TN,https://uclpsych.eu.qualtrics.com/ControlPanel/Graphic.php?IM=IM_dm8QYdLBhUQokHc
2,2,11,The cabinet isn't closed.,cabinetnotclosed false xx.png,FN,https://uclpsych.eu.qualtrics.com/ControlPanel/Graphic.php?IM=IM_3eocNJ4eTY2Wscu
2,2,12,The candle is lit.,candlenotlit 1xx false.png,TA,https://uclpsych.eu.qualtrics.com/ControlPanel/Graphic.php?IM=IM_9G0KHZRVmgb4wVE
2,2,13,The cardboard box is open.,cardboardboxnotopen false xx.png,TA,https://uclpsych.eu.qualtrics.com/ControlPanel/Graphic.php?IM=IM_3WrpzUzAgGy04tg
2,2,14,The carrots aren't diced.,carrots diced xx.png,FN,https://uclpsych.eu.qualtrics.com/ControlPanel/Graphic.php?IM=IM_8GjXcPsLVnPYURw
2,2,15,The CD isn't scratched.,cdnotscratched true xx.png,TN,https://uclpsych.eu.qualtrics.com/ControlPanel/Graphic.php?IM=IM_d5d5skLGPD2iMR0
2,2,16,The chair is folded.,chairnotfolded xx1 true.png,FA,https://uclpsych.eu.qualtrics.com/ControlPanel/Graphic.php?IM=IM_3l0q2MvNKOMPiPY
2,2,17,The chicken is cooked.,chicken raw xx.png,FA,https://uclpsych.eu.qualtrics.com/ControlPanel/Graphic.php?IM=IM_4Zt0EkORKAIKtMy
2,2,18,The chocolate cake isn't sliced.,chocolatecakesliced false xx.png,TN,https://uclpsych.eu.qualtrics.com/ControlPanel/Graphic.php?IM=IM_bObbCzOFuGezUUe
2,2,19,The coke can isn't squashed.,cokecan squashed xx.png,FN,https://uclpsych.eu.qualtrics.com/ControlPanel/Graphic.php?IM=IM_3JgVAGzzHOnM2Bo
2,2,20,The cricket bat is broken.,cricketbatbroken true xx.png,TA,https://uclpsych.eu.qualtrics.com/ControlPanel/Graphic.php?IM=IM_0HeAAyYdUjVYdsW
2,2,21,The cupcake is iced.,cupcake iced xx.png,TA,https://uclpsych.eu.qualtrics.com/ControlPanel/Graphic.php?IM=IM_eaIuWlIb813YIvA
2,2,22,The cup isn't full.,cupfull true xx.png,FN,https://uclpsych.eu.qualtrics.com/ControlPanel/Graphic.php?IM=IM_78lc2s3bCMzdBf8
2,2,23,The desk isn't messy.,desk tidy xx.png,TN,https://uclpsych.eu.qualtrics.com/ControlPanel/Graphic.php?IM=IM_eQmvTjY3Xn11pWK
2,2,24,The dictionary is closed.,dictionaryclosed 1xx false.png,FA,https://uclpsych.eu.qualtrics.com/ControlPanel/Graphic.php?IM=IM_5zDdUU1qi5vEzZA
2,2,25,The dishes are clean.,dishes dirty xx.png,FA,https://uclpsych.eu.qualtrics.com/ControlPanel/Graphic.php?IM=IM_097bWlYyMOn8h7w
2,2,26,The egg isn't cracked.,eggnotcracked 1xx true.png,TN,https://uclpsych.eu.qualtrics.com/ControlPanel/Graphic.php?IM=IM_9ZiERQgH5bm1BYO
2,2,27,The envelop isn't sealed.,envelopnotsealed 1xx false.png,FN,https://uclpsych.eu.qualtrics.com/ControlPanel/Graphic.php?IM=IM_8k0ODZ0sfFUPSjc
2,2,28,The fireplace is lit.,fireplacenotlit false xx.png,TA,https://uclpsych.eu.qualtrics.com/ControlPanel/Graphic.php?IM=IM_cT0iKuecsz9OoBg
2,2,29,The football is blown up.,footballnotblowup false xx.png,TA,https://uclpsych.eu.qualtrics.com/ControlPanel/Graphic.php?IM=IM_03pyTNefzCB6uou
2,2,30,The frying pan isn't full.,fryingpanempty false xx.png,FN,https://uclpsych.eu.qualtrics.com/ControlPanel/Graphic.php?IM=IM_cuVoPZDGVYppiho
2,2,31,The garlic isn't chopped.,garlic whole xx.png,TN,https://uclpsych.eu.qualtrics.com/ControlPanel/Graphic.php?IM=IM_bfP8XnBkgkxcxCu
2,2,32,The glass is empty.,glassnotempty true xx.png,FA,https://uclpsych.eu.qualtrics.com/ControlPanel/Graphic.php?IM=IM_4MVn11gFOZQaaLI
2,2,33,The glove is dry.,glove wet xx.png,FA,https://uclpsych.eu.qualtrics.com/ControlPanel/Graphic.php?IM=IM_3PEIgoAcpV6AnKC
2,2,34,The helicopter isn't airborne.,helicopter onground xx.png,TN,https://uclpsych.eu.qualtrics.com/ControlPanel/Graphic.php?IM=IM_2gjK3phfvto2vPw
2,2,35,The ice cream isn't melted.,icecreamnotmelted false xx.png,FN,https://uclpsych.eu.qualtrics.com/ControlPanel/Graphic.php?IM=IM_eJwS3oWERCPLSRw
2,2,36,The jar is sealed.,jar sealed xx.png,TA,https://uclpsych.eu.qualtrics.com/ControlPanel/Graphic.php?IM=IM_39utEgTyDa7ioOG
2,2,37,The jeans are crumpled.,jeansnotcrumpled false xx.png,TA,https://uclpsych.eu.qualtrics.com/ControlPanel/Graphic.php?IM=IM_41szyrLNsIwsbjw
2,2,38,The laptop isn't plugged in.,laptop pluggedin xx.png,FN,https://uclpsych.eu.qualtrics.com/ControlPanel/Graphic.php?IM=IM_bxaL4sP8wshaxtY
2,2,39,The lorry isn't dirty.,lorryclean true xx.png,TN,https://uclpsych.eu.qualtrics.com/ControlPanel/Graphic.php?IM=IM_0vOsJCLnACCBck6
2,2,40,The map is closed.,mapnotclosed true xx.png,FA,https://uclpsych.eu.qualtrics.com/ControlPanel/Graphic.php?IM=IM_eyVCi6BWlmGzCTk
2,2,41,The oil painting is framed.,oilpaintingframed x1x false.png,FA,https://uclpsych.eu.qualtrics.com/ControlPanel/Graphic.php?IM=IM_0psdspQqc9uhkTI
2,2,42,The orange isn't peeled.,orangenotpeeled xx1 true.png,TN,https://uclpsych.eu.qualtrics.com/ControlPanel/Graphic.php?IM=IM_e4jrq29xnLCbxWe
2,2,43,The paper isn't torn.,paper torn xx.png,FN,https://uclpsych.eu.qualtrics.com/ControlPanel/Graphic.php?IM=IM_8tStwtPt6Za23VY
2,2,44,The pineapple is sliced.,pineapplenotsliced xx1 false.png,TA,https://uclpsych.eu.qualtrics.com/ControlPanel/Graphic.php?IM=IM_efVxkdOv8OoU3wW
2,2,45,The plant is alive.,plant alive xx.png,TA,https://uclpsych.eu.qualtrics.com/ControlPanel/Graphic.php?IM=IM_1IlgMz2duzHD47I
2,2,46,The plate isn't shattered.,plate shattered xx.png,FN,https://uclpsych.eu.qualtrics.com/ControlPanel/Graphic.php?IM=IM_1XGIC42NdYB5hdQ
2,2,47,The rucksack isn't open.,rucksack closed xx.png,TN,https://uclpsych.eu.qualtrics.com/ControlPanel/Graphic.php?IM=IM_7ZFso7E9JjOrRv8
2,2,48,The saucepan is empty.,saucepanempty 1xx false.png,FA,https://uclpsych.eu.qualtrics.com/ControlPanel/Graphic.php?IM=IM_5ot9L5A8B1SSZ9k
2,2,49,The scarf is folded.,scarfnotfolded xx1 true.png,FA,https://uclpsych.eu.qualtrics.com/ControlPanel/Graphic.php?IM=IM_02jK34IHz2gIltc
2,2,50,The shirt isn't ironed.,shirtnotcrumpled x1x false.png,TN,https://uclpsych.eu.qualtrics.com/ControlPanel/Graphic.php?IM=IM_6QEuySyRUjYdgKG
2,2,51,The small pool isn't inflated.,smallpoolnotinflated false xx.png,FN,https://uclpsych.eu.qualtrics.com/ControlPanel/Graphic.php?IM=IM_e3WosPsHIwkgE0C
2,2,52,The spaghetti is raw.,spaghettinotcooked x1x true.png,TA,https://uclpsych.eu.qualtrics.com/ControlPanel/Graphic.php?IM=IM_3PBLDeI3Als0zk2
2,2,53,The tennis racket is broken.,tennisracketbroken x1x true.png,TA,https://uclpsych.eu.qualtrics.com/ControlPanel/Graphic.php?IM=IM_83a21jQ7vBYi1dc
2,2,54,The tent isn't put up.,tentnotputup false xx.png,FN,https://uclpsych.eu.qualtrics.com/ControlPanel/Graphic.php?IM=IM_6mmT0cfwL051m2G
2,2,55,The tie isn't tied.,tienottied true xx.png,TN,https://uclpsych.eu.qualtrics.com/ControlPanel/Graphic.php?IM=IM_eJvzep3iuzPaYNU
2,2,56,The tomato is skinned.,tomato hasskin xx.png,FA,https://uclpsych.eu.qualtrics.com/ControlPanel/Graphic.php?IM=IM_8ljhtnBSSaLCRSu
2,2,57,The T-shirt is clean.,tshirt stained xx.png,FA,https://uclpsych.eu.qualtrics.com/ControlPanel/Graphic.php?IM=IM_2nKoy3U7fsUrKg6
2,2,58,The TV isn't on.,TV off xx.png,TN,https://uclpsych.eu.qualtrics.com/ControlPanel/Graphic.php?IM=IM_5p7B70p8m9vzUkm
2,2,59,The tyre isn't deflated.,tyrenotinflated x1x true.png,FN,https://uclpsych.eu.qualtrics.com/ControlPanel/Graphic.php?IM=IM_55PVQH7LXkAV5Qy
2,2,60,The umbrella is open.,umbrellanotopen 1xx false.png,TA,https://uclpsych.eu.qualtrics.com/ControlPanel/Graphic.php?IM=IM_6VSmAwHhQ832lBs
2,2,61,The wall is painted.,wall painted xx.png,TA,https://uclpsych.eu.qualtrics.com/ControlPanel/Graphic.php?IM=IM_86NMNSgVShxpZVs
2,2,62,The window isn't shut.,windownotsut x1x false.png,FN,https://uclpsych.eu.qualtrics.com/ControlPanel/Graphic.php?IM=IM_23G8FtioRlURnxQ
2,2,63,The wine glass isn't cracked.,wineglassfine xx.png,TN,https://uclpsych.eu.qualtrics.com/ControlPanel/Graphic.php?IM=IM_1HLGnIy4QlinF6C
2,2,64,The Christmas tree is decorated.,xmastree bare xx.png,FA,https://uclpsych.eu.qualtrics.com/ControlPanel/Graphic.php?IM=IM_d6ZbQSM6kotXMOO
3,3,1,The apple isn't cored.,apple notcored xx.png,TN,https://uclpsych.eu.qualtrics.com/ControlPanel/Graphic.php?IM=IM_1Ghv6z8kUHUUaiy
3,3,2,The banana is peeled.,applepeeled true xx.png,FA,https://uclpsych.eu.qualtrics.com/ControlPanel/Graphic.php?IM=IM_cAzmtC7ZBX4bydg
3,3,3,The apricots are dried.,apricots dry xx.png,TA,https://uclpsych.eu.qualtrics.com/ControlPanel/Graphic.php?IM=IM_1QSGaJd40ZkaJBc
3,3,4,The balloon isn't blown up.,balloonnotblowup 1xx false.png,FN,https://uclpsych.eu.qualtrics.com/ControlPanel/Graphic.php?IM=IM_55w4iHmyEq5PEc6
3,3,5,The beer glass isn't empty.,beerglass empty xx.png,FN,https://uclpsych.eu.qualtrics.com/ControlPanel/Graphic.php?IM=IM_9MnZ3LWJsbV8UE6
3,3,6,The bike is folded.,bike folded xx.png,TA,https://uclpsych.eu.qualtrics.com/ControlPanel/Graphic.php?IM=IM_8dDC9VGTCUVRVSC
3,3,7,The blackboard is clean.,blackboard written xx.png,FA,https://uclpsych.eu.qualtrics.com/ControlPanel/Graphic.php?IM=IM_cCLzt5gWIL9M8Mm
3,3,8,The boots aren't clean.,bootsdirty true xx.png,TN,https://uclpsych.eu.qualtrics.com/ControlPanel/Graphic.php?IM=IM_d0tk6PkJwDCahcG
3,3,9,The bread isn't sliced.,breadnotsliced xx1 true.png,TN,https://uclpsych.eu.qualtrics.com/ControlPanel/Graphic.php?IM=IM_54hwle9BVFWeG6q
3,3,10,The British flag is still.,britishflagnotfluttering false xx.png,FA,https://uclpsych.eu.qualtrics.com/ControlPanel/Graphic.php?IM=IM_dm8QYdLBhUQokHc
3,3,11,The cabinet is closed.,cabinetnotclosed false xx.png,TA,https://uclpsych.eu.qualtrics.com/ControlPanel/Graphic.php?IM=IM_3eocNJ4eTY2Wscu
3,3,12,The candle isn't lit.,candlenotlit 1xx false.png,FN,https://uclpsych.eu.qualtrics.com/ControlPanel/Graphic.php?IM=IM_9G0KHZRVmgb4wVE
3,3,13,The cardboard box isn't open.,cardboardboxnotopen false xx.png,FN,https://uclpsych.eu.qualtrics.com/ControlPanel/Graphic.php?IM=IM_3WrpzUzAgGy04tg
3,3,14,The carrots are diced.,carrots diced xx.png,TA,https://uclpsych.eu.qualtrics.com/ControlPanel/Graphic.php?IM=IM_8GjXcPsLVnPYURw
3,3,15,The CD is scratched.,cdnotscratched true xx.png,FA,https://uclpsych.eu.qualtrics.com/ControlPanel/Graphic.php?IM=IM_d5d5skLGPD2iMR0
3,3,16,The chair isn't folded.,chairnotfolded xx1 true.png,TN,https://uclpsych.eu.qualtrics.com/ControlPanel/Graphic.php?IM=IM_3l0q2MvNKOMPiPY
3,3,17,The chicken isn't cooked.,chicken raw xx.png,TN,https://uclpsych.eu.qualtrics.com/ControlPanel/Graphic.php?IM=IM_4Zt0EkORKAIKtMy
3,3,18,The chocolate cake is sliced.,chocolatecakesliced false xx.png,FA,https://uclpsych.eu.qualtrics.com/ControlPanel/Graphic.php?IM=IM_bObbCzOFuGezUUe
3,3,19,The coke can is squashed.,cokecan squashed xx.png,TA,https://uclpsych.eu.qualtrics.com/ControlPanel/Graphic.php?IM=IM_3JgVAGzzHOnM2Bo
3,3,20,The cricket bat isn't broken.,cricketbatbroken true xx.png,FN,https://uclpsych.eu.qualtrics.com/ControlPanel/Graphic.php?IM=IM_0HeAAyYdUjVYdsW
3,3,21,The cupcake isn't iced.,cupcake iced xx.png,FN,https://uclpsych.eu.qualtrics.com/ControlPanel/Graphic.php?IM=IM_eaIuWlIb813YIvA
3,3,22,The cup is full.,cupfull true xx.png,TA,https://uclpsych.eu.qualtrics.com/ControlPanel/Graphic.php?IM=IM_78lc2s3bCMzdBf8
3,3,23,The desk is messy.,desk tidy xx.png,FA,https://uclpsych.eu.qualtrics.com/ControlPanel/Graphic.php?IM=IM_eQmvTjY3Xn11pWK
3,3,24,The dictionary isn't closed.,dictionaryclosed 1xx false.png,TN,https://uclpsych.eu.qualtrics.com/ControlPanel/Graphic.php?IM=IM_5zDdUU1qi5vEzZA
3,3,25,The dishes aren't clean.,dishes dirty xx.png,TN,https://uclpsych.eu.qualtrics.com/ControlPanel/Graphic.php?IM=IM_097bWlYyMOn8h7w
3,3,26,The egg is cracked.,eggnotcracked 1xx true.png,FA,https://uclpsych.eu.qualtrics.com/ControlPanel/Graphic.php?IM=IM_9ZiERQgH5bm1BYO
3,3,27,The envelop is sealed.,envelopnotsealed 1xx false.png,TA,https://uclpsych.eu.qualtrics.com/ControlPanel/Graphic.php?IM=IM_8k0ODZ0sfFUPSjc
3,3,28,The fireplace isn't lit.,fireplacenotlit false xx.png,FN,https://uclpsych.eu.qualtrics.com/ControlPanel/Graphic.php?IM=IM_cT0iKuecsz9OoBg
3,3,29,The football isn't blown up.,footballnotblowup false xx.png,FN,https://uclpsych.eu.qualtrics.com/ControlPanel/Graphic.php?IM=IM_03pyTNefzCB6uou
3,3,30,The frying pan is full.,fryingpanempty false xx.png,TA,https://uclpsych.eu.qualtrics.com/ControlPanel/Graphic.php?IM=IM_cuVoPZDGVYppiho
3,3,31,The garlic is chopped.,garlic whole xx.png,FA,https://uclpsych.eu.qualtrics.com/ControlPanel/Graphic.php?IM=IM_bfP8XnBkgkxcxCu
3,3,32,The glass isn't empty.,glassnotempty true xx.png,TN,https://uclpsych.eu.qualtrics.com/ControlPanel/Graphic.php?IM=IM_4MVn11gFOZQaaLI
3,3,33,The glove isn't dry.,glove wet xx.png,TN,https://uclpsych.eu.qualtrics.com/ControlPanel/Graphic.php?IM=IM_3PEIgoAcpV6AnKC
3,3,34,The helicopter is airborne.,helicopter onground xx.png,FA,https://uclpsych.eu.qualtrics.com/ControlPanel/Graphic.php?IM=IM_2gjK3phfvto2vPw
3,3,35,The ice cream is melted.,icecreamnotmelted false xx.png,TA,https://uclpsych.eu.qualtrics.com/ControlPanel/Graphic.php?IM=IM_eJwS3oWERCPLSRw
3,3,36,The jar isn't sealed.,jar sealed xx.png,FN,https://uclpsych.eu.qualtrics.com/ControlPanel/Graphic.php?IM=IM_39utEgTyDa7ioOG
3,3,37,The jeans aren't crumpled.,jeansnotcrumpled false xx.png,FN,https://uclpsych.eu.qualtrics.com/ControlPanel/Graphic.php?IM=IM_41szyrLNsIwsbjw
3,3,38,The laptop is plugged in.,laptop pluggedin xx.png,TA,https://uclpsych.eu.qualtrics.com/ControlPanel/Graphic.php?IM=IM_bxaL4sP8wshaxtY
3,3,39,The lorry is dirty.,lorryclean true xx.png,FA,https://uclpsych.eu.qualtrics.com/ControlPanel/Graphic.php?IM=IM_0vOsJCLnACCBck6
3,3,40,The map isn't closed.,mapnotclosed true xx.png,TN,https://uclpsych.eu.qualtrics.com/ControlPanel/Graphic.php?IM=IM_eyVCi6BWlmGzCTk
3,3,41,The oil painting isn't framed.,oilpaintingframed x1x false.png,TN,https://uclpsych.eu.qualtrics.com/ControlPanel/Graphic.php?IM=IM_0psdspQqc9uhkTI
3,3,42,The orange is peeled.,orangenotpeeled xx1 true.png,FA,https://uclpsych.eu.qualtrics.com/ControlPanel/Graphic.php?IM=IM_e4jrq29xnLCbxWe
3,3,43,The paper is torn.,paper torn xx.png,TA,https://uclpsych.eu.qualtrics.com/ControlPanel/Graphic.php?IM=IM_8tStwtPt6Za23VY
3,3,44,The pineapple isn't sliced.,pineapplenotsliced xx1 false.png,FN,https://uclpsych.eu.qualtrics.com/ControlPanel/Graphic.php?IM=IM_efVxkdOv8OoU3wW
3,3,45,The plant isn't alive.,plant alive xx.png,FN,https://uclpsych.eu.qualtrics.com/ControlPanel/Graphic.php?IM=IM_1IlgMz2duzHD47I
3,3,46,The plate is shattered.,plate shattered xx.png,TA,https://uclpsych.eu.qualtrics.com/ControlPanel/Graphic.php?IM=IM_1XGIC42NdYB5hdQ
3,3,47,The rucksack is open.,rucksack closed xx.png,FA,https://uclpsych.eu.qualtrics.com/ControlPanel/Graphic.php?IM=IM_7ZFso7E9JjOrRv8
3,3,48,The saucepan isn't empty.,saucepanempty 1xx false.png,TN,https://uclpsych.eu.qualtrics.com/ControlPanel/Graphic.php?IM=IM_5ot9L5A8B1SSZ9k
3,3,49,The scarf isn't folded.,scarfnotfolded xx1 true.png,TN,https://uclpsych.eu.qualtrics.com/ControlPanel/Graphic.php?IM=IM_02jK34IHz2gIltc
3,3,50,The shirt is ironed.,shirtnotcrumpled x1x false.png,FA,https://uclpsych.eu.qualtrics.com/ControlPanel/Graphic.php?IM=IM_6QEuySyRUjYdgKG
3,3,51,The small pool is inflated.,smallpoolnotinflated false xx.png,TA,https://uclpsych.eu.qualtrics.com/ControlPanel/Graphic.php?IM=IM_e3WosPsHIwkgE0C
3,3,52,The spaghetti isn't raw.,spaghettinotcooked x1x true.png,FN,https://uclpsych.eu.qualtrics.com/ControlPanel/Graphic.php?IM=IM_3PBLDeI3Als0zk2
3,3,53,The tennis racket isn't broken.,tennisracketbroken x1x true.png,FN,https://uclpsych.eu.qualtrics.com/ControlPanel/Graphic.php?IM=IM_83a21jQ7vBYi1dc
3,3,54,The tent is put up.,tentnotputup false xx.png,TA,https://uclpsych.eu.qualtrics.com/ControlPanel/Graphic.php?IM=IM_6mmT0cfwL051m2G
3,3,55,The tie is tied.,tienottied true xx.png,FA,https://uclpsych.eu.qualtrics.com/ControlPanel/Graphic.php?IM=IM_eJvzep3iuzPaYNU
3,3,56,The tomato isn't skinned.,tomato hasskin xx.png,TN,https://uclpsych.eu.qualtrics.com/ControlPanel/Graphic.php?IM=IM_8ljhtnBSSaLCRSu
3,3,57,The T-shirt isn't clean.,tshirt stained xx.png,TN,https://uclpsych.eu.qualtrics.com/ControlPanel/Graphic.php?IM=IM_2nKoy3U7fsUrKg6
3,3,58,The TV is on.,TV off xx.png,FA,https://uclpsych.eu.qualtrics.com/ControlPanel/Graphic.php?IM=IM_5p7B70p8m9vzUkm
3,3,59,The tyre is deflated.,tyrenotinflated x1x true.png,TA,https://uclpsych.eu.qualtrics.com/ControlPanel/Graphic.php?IM=IM_55PVQH7LXkAV5Qy
3,3,60,The umbrella isn't open.,umbrellanotopen 1xx false.png,FN,https://uclpsych.eu.qualtrics.com/ControlPanel/Graphic.php?IM=IM_6VSmAwHhQ832lBs
3,3,61,The wall isn't painted.,wall painted xx.png,FN,https://uclpsych.eu.qualtrics.com/ControlPanel/Graphic.php?IM=IM_86NMNSgVShxpZVs
3,3,62,The window is shut.,windownotsut x1x false.png,TA,https://uclpsych.eu.qualtrics.com/ControlPanel/Graphic.php?IM=IM_23G8FtioRlURnxQ
3,3,63,The wine glass is cracked.,wineglassfine xx.png,FA,https://uclpsych.eu.qualtrics.com/ControlPanel/Graphic.php?IM=IM_1HLGnIy4QlinF6C
3,3,64,The Christmas tree isn't <p>decorated.</p>,xmastree bare xx.png,TN,https://uclpsych.eu.qualtrics.com/ControlPanel/Graphic.php?IM=IM_d6ZbQSM6kotXMOO
4,4,1,The apple isn't cored.,apple cored xx.png,FN,https://uclpsych.eu.qualtrics.com/ControlPanel/Graphic.php?IM=IM_1FIwYR7oVqjBMlE
4,4,2,The banana is peeled.,applepeeled false xx.png,TA,https://uclpsych.eu.qualtrics.com/ControlPanel/Graphic.php?IM=IM_3elhEpUnODT1gOy
4,4,3,The apricots are dried.,apricots fresh xx.png,FA,https://uclpsych.eu.qualtrics.com/ControlPanel/Graphic.php?IM=IM_37oSgPy6geHj76u
4,4,4,The balloon isn't blown up.,balloonnotblowup 1xx true.png,TN,https://uclpsych.eu.qualtrics.com/ControlPanel/Graphic.php?IM=IM_ai7jV9DPOr7Q2eG
4,4,5,The beer glass isn't empty.,beerglass full xx.png,TN,https://uclpsych.eu.qualtrics.com/ControlPanel/Graphic.php?IM=IM_42h3dlulnWREhfg
4,4,6,The bike is folded.,bike open xx.png,FA,https://uclpsych.eu.qualtrics.com/ControlPanel/Graphic.php?IM=IM_4O6XNLqw5Sdp1iu
4,4,7,The blackboard is clean.,blackboard clean xx.png,TA,https://uclpsych.eu.qualtrics.com/ControlPanel/Graphic.php?IM=IM_87FdH2brUntAcey
4,4,8,The boots aren't clean.,bootsdirty false xx.png,FN,https://uclpsych.eu.qualtrics.com/ControlPanel/Graphic.php?IM=IM_4UBudiySyYj6k74
4,4,9,The bread isn't sliced.,breadnotsliced xx1 false.png,FN,https://uclpsych.eu.qualtrics.com/ControlPanel/Graphic.php?IM=IM_efgKkjQjwZBG6t8
4,4,10,The British flag is still.,Britishflag still xx.png,TA,https://uclpsych.eu.qualtrics.com/ControlPanel/Graphic.php?IM=IM_9sn81qK8XJMegS2
4,4,11,The cabinet is closed.,cabinetnotclosed true xx.png,FA,https://uclpsych.eu.qualtrics.com/ControlPanel/Graphic.php?IM=IM_cTSVE7GNitGE3Ge
4,4,12,The candle isn't lit.,candlenotlit 1xx true.png,TN,https://uclpsych.eu.qualtrics.com/ControlPanel/Graphic.php?IM=IM_cSC6w4MczLGF9Qi
4,4,13,The cardboard box isn't open.,cardboardboxnotopen true xx.png,TN,https://uclpsych.eu.qualtrics.com/ControlPanel/Graphic.php?IM=IM_cwloNPeKXJxtZIy
4,4,14,The carrots are diced.,carrots whole xx.png,FA,https://uclpsych.eu.qualtrics.com/ControlPanel/Graphic.php?IM=IM_2m04KooCPDHZGE6
4,4,15,The CD is scratched.,cdnotscratched false xx.png,TA,https://uclpsych.eu.qualtrics.com/ControlPanel/Graphic.php?IM=IM_6marPwbyANwJAx0
4,4,16,The chair isn't folded.,chairnotfolded xx1 false.png,FN,https://uclpsych.eu.qualtrics.com/ControlPanel/Graphic.php?IM=IM_5dno8QogrnQSBFk
4,4,17,The chicken isn't cooked.,chicken cooked xx.png,FN,https://uclpsych.eu.qualtrics.com/ControlPanel/Graphic.php?IM=IM_6ri0pCMSIawFZaK
4,4,18,The chocolate cake is sliced.,chocolatecakesliced 1xx true.png,TA,https://uclpsych.eu.qualtrics.com/ControlPanel/Graphic.php?IM=IM_b4vSNl3dJXS51CS
4,4,19,The coke can is squashed.,cokecan new xx.png,FA,https://uclpsych.eu.qualtrics.com/ControlPanel/Graphic.php?IM=IM_7ZGt4ha48X3Bxsi
4,4,20,The cricket bat isn't broken.,cricketbatbroken false xx.png,TN,https://uclpsych.eu.qualtrics.com/ControlPanel/Graphic.php?IM=IM_7V9CIHjrALm3cge
4,4,21,The cupcake isn't iced.,cupcake plain xx.png,TN,https://uclpsych.eu.qualtrics.com/ControlPanel/Graphic.php?IM=IM_3Rfp7wrBQy6H5zM
4,4,22,The cup is full.,cupfull false xx.png,FA,https://uclpsych.eu.qualtrics.com/ControlPanel/Graphic.php?IM=IM_6lrxMWPMWcrlC9U
4,4,23,The desk is messy.,desk messy xx.png,TA,https://uclpsych.eu.qualtrics.com/ControlPanel/Graphic.php?IM=IM_6R3bJRQI9uSISDY
4,4,24,The dictionary isn't closed.,dictionaryclosed 1xx true.png,FN,https://uclpsych.eu.qualtrics.com/ControlPanel/Graphic.php?IM=IM_eyfL4YwNKShBfj8
4,4,25,The dishes aren't clean.,dishes washed xx.png,FN,https://uclpsych.eu.qualtrics.com/ControlPanel/Graphic.php?IM=IM_b44ru0hgHkpK1Yq
4,4,26,The egg is cracked.,eggnotcracked 1xx false.png,TA,https://uclpsych.eu.qualtrics.com/ControlPanel/Graphic.php?IM=IM_7UmqfDEkza8VJxs
4,4,27,The envelop is sealed.,envelopnotsealed 1xx true.png,FA,https://uclpsych.eu.qualtrics.com/ControlPanel/Graphic.php?IM=IM_2u92rygeejGqaRo
4,4,28,The fireplace isn't lit.,fireplacenotlit true xx.png,TN,https://uclpsych.eu.qualtrics.com/ControlPanel/Graphic.php?IM=IM_0jNaJR0ueghujl4
4,4,29,The football isn't blown up.,footballnotblowup true xx.png,TN,https://uclpsych.eu.qualtrics.com/ControlPanel/Graphic.php?IM=IM_7Qk3dmHw0E92k0S
4,4,30,The frying pan is full.,fryingpanempty true xx.png,FA,https://uclpsych.eu.qualtrics.com/ControlPanel/Graphic.php?IM=IM_3t37gVwLmkXIOa2
4,4,31,The garlic is chopped.,garlic chopped xx.png,TA,https://uclpsych.eu.qualtrics.com/ControlPanel/Graphic.php?IM=IM_5gS0LyrIUkf3fmu
4,4,32,The glass isn't empty.,glassnotempty false xx.png,FN,https://uclpsych.eu.qualtrics.com/ControlPanel/Graphic.php?IM=IM_6FsHGzbIuKA3fN4
4,4,33,The glove isn't dry.,glove dry xx.png,FN,https://uclpsych.eu.qualtrics.com/ControlPanel/Graphic.php?IM=IM_ehTcyOgISmGtcdU
4,4,34,The helicopter is airborne.,helicopter airborne xx.png,TA,https://uclpsych.eu.qualtrics.com/ControlPanel/Graphic.php?IM=IM_cFHeYQ2f3ddrw7Y
4,4,35,The ice cream is melted.,icecreamnotmelted true xx.png,FA,https://uclpsych.eu.qualtrics.com/ControlPanel/Graphic.php?IM=IM_78aG9Nt0WhdNMrk
4,4,36,The jar isn't sealed.,jar open xx.png,TN,https://uclpsych.eu.qualtrics.com/ControlPanel/Graphic.php?IM=IM_6ndjbDZy9IVySsC
4,4,37,The jeans aren't crumpled.,jeansnotcrumpled true xx.png,TN,https://uclpsych.eu.qualtrics.com/ControlPanel/Graphic.php?IM=IM_0oo3fhNEebrAIHY
4,4,38,The laptop is plugged in.,laptop notplugged xx.png,FA,https://uclpsych.eu.qualtrics.com/ControlPanel/Graphic.php?IM=IM_aa4bShasoyQ14Jo
4,4,39,The lorry is dirty.,lorryclean false xx.png,TA,https://uclpsych.eu.qualtrics.com/ControlPanel/Graphic.php?IM=IM_3aycqgIp49yYAjY
4,4,40,The map isn't closed.,map closed xx.png,FN,https://uclpsych.eu.qualtrics.com/ControlPanel/Graphic.php?IM=IM_a5mST6bUqaUuBQa
4,4,41,The oil painting isn't framed.,oilpaintingframed x1x true.png,FN,https://uclpsych.eu.qualtrics.com/ControlPanel/Graphic.php?IM=IM_eA46TMCuSusJPts
4,4,42,The orange is peeled.,orangenotpeeled xx1 false.png,TA,https://uclpsych.eu.qualtrics.com/ControlPanel/Graphic.php?IM=IM_ba2u7kszHqSiyMe
4,4,43,The paper is torn.,paper fine xx.png,FA,https://uclpsych.eu.qualtrics.com/ControlPanel/Graphic.php?IM=IM_3xDRq1mOymJ6rpI
4,4,44,The pineapple isn't sliced.,pineapplenotsliced xx1 true.png,TN,https://uclpsych.eu.qualtrics.com/ControlPanel/Graphic.php?IM=IM_3UUAAIRRTTIt1fE
4,4,45,The plant isn't alive.,plant dead xx.png,TN,https://uclpsych.eu.qualtrics.com/ControlPanel/Graphic.php?IM=IM_8GqfYpUKISg8QxU
4,4,46,The plate is shattered.,plate fine xx.png,FA,https://uclpsych.eu.qualtrics.com/ControlPanel/Graphic.php?IM=IM_9yQgzWHEFljkCtU
4,4,47,The rucksack is open.,rucksack open xx.png,TA,https://uclpsych.eu.qualtrics.com/ControlPanel/Graphic.php?IM=IM_3IvWmHXW5zPGtQW
4,4,48,The saucepan isn't empty.,saucepanempty 1xx true.png,FN,https://uclpsych.eu.qualtrics.com/ControlPanel/Graphic.php?IM=IM_5jULSrczBywqg0m
4,4,49,The scarf isn't folded.,scarfnotfolded xx1 false.png,FN,https://uclpsych.eu.qualtrics.com/ControlPanel/Graphic.php?IM=IM_0ImzfC2ALyC3Dj8
4,4,50,The shirt is ironed.,shirtnotcrumpled x1x true.png,TA,https://uclpsych.eu.qualtrics.com/ControlPanel/Graphic.php?IM=IM_3qliQtlgkRZMAjI
4,4,51,The small pool is inflated.,smallpoolnotinflated true xx.png,FA,https://uclpsych.eu.qualtrics.com/ControlPanel/Graphic.php?IM=IM_d6kjLadttyTNIou
4,4,52,The spaghetti isn't raw.,spaghettinotcooked x1x false.png,TN,https://uclpsych.eu.qualtrics.com/ControlPanel/Graphic.php?IM=IM_ezmHvKpsN7BPGWW
4,4,53,The tennis racket isn't broken.,tennisracketbroken x1x false.png,TN,https://uclpsych.eu.qualtrics.com/ControlPanel/Graphic.php?IM=IM_6mc0M6DmktH3un4
4,4,54,The tent is put up.,tentnotputup true xx.png,FA,https://uclpsych.eu.qualtrics.com/ControlPanel/Graphic.php?IM=IM_a5iLpBAZkNnIVb8
4,4,55,The tie is tied.,tienottied false xx.png,TA,https://uclpsych.eu.qualtrics.com/ControlPanel/Graphic.php?IM=IM_4VeYELNLnsjoSx0
4,4,56,The tomato isn't skinned.,tomato skinned xx.png,FN,https://uclpsych.eu.qualtrics.com/ControlPanel/Graphic.php?IM=IM_41QDDQDlFTuM2Im
4,4,57,The T-shirt isn't clean.,tshirt clean xx.png,FN,https://uclpsych.eu.qualtrics.com/ControlPanel/Graphic.php?IM=IM_4YjynuR2NonMoei
4,4,58,The TV is on.,TV on xx.png,TA,https://uclpsych.eu.qualtrics.com/ControlPanel/Graphic.php?IM=IM_ekvAUlMXKlSFsFM
4,4,59,The tyre is deflated.,tyrenotinflated x1x false.png,FA,https://uclpsych.eu.qualtrics.com/ControlPanel/Graphic.php?IM=IM_2osgFTB3tQUFbi6
4,4,60,The umbrella isn't open.,umbrellanotopen 1xx true.png,TN,https://uclpsych.eu.qualtrics.com/ControlPanel/Graphic.php?IM=IM_6A5mjkRaJMOoFnM
4,4,61,The wall isn't painted.,wall notpainted xx.png,TN,https://uclpsych.eu.qualtrics.com/ControlPanel/Graphic.php?IM=IM_8wy93EUERTZ8pMi
4,4,62,The window is shut.,windownotsut x1x true.png,FA,https://uclpsych.eu.qualtrics.com/ControlPanel/Graphic.php?IM=IM_5iMGNC1Xg8F88xo
4,4,63,The wine glass is cracked.,wineglasscracked xx.png,TA,https://uclpsych.eu.qualtrics.com/ControlPanel/Graphic.php?IM=IM_elZCjOng0XtnPDg
4,4,64,The Christmas tree isn't <p>decorated.</p>,xmastree decorated xx.png,FN,https://uclpsych.eu.qualtrics.com/ControlPanel/Graphic.php?IM=IM_2htuyuxMChyQ7JA